timestamp,ticker,action,quantity,price,trader_id
2024-01-15 19:02:00,GOOGL,SELL,100,120.92,T004
2024-01-15 19:04:00,NVDA,SELL,100,401.63,T010
2024-01-15 19:04:00,NVDA,SELL,100,401.63,T010
2024-01-15 19:05:00,AAPL,BUY,200,150.44,T015
2024-01-15 19:05:00,META,SELL,50,253.81,T009
2024-01-15 19:05:00,META,SELL,50,253.81,T009
2024-01-15 19:05:00,AAPL,BUY,50,148.72,T001
2024-01-15 19:06:00,MSFT,SELL,150,303.21,T008
2024-01-15 19:07:00,AAPL,BUY,50,148.71,T001
2024-01-15 19:08:00,GOOGL,BUY,10,120.62,
2024-01-15 19:09:00,GOOGL,SELL,50,118.84,T001
2024-01-15 19:10:00,MSFT,SELL,200,294.93,
2024-01-15 19:11:00,AMZN,SELL,10,137.21,T008
2024-01-15 19:12:00,GOOGL,SELL,100,121.39,T001
2024-01-15 19:13:00,GS,BUY,100,349.31,T006
2024-01-15 19:15:00,GOOGL,BUY,150,121.0,T004
2024-01-15 19:15:00,JPM,SELL,100,145.96,T009
2024-01-15 19:15:00,MSFT,SELL,50,305.06,T001
2024-01-15 19:15:00,AMZN,SELL,10,141.46,T013
2024-01-15 19:16:00,GOOGL,BUY,200,118.62,T015
2024-01-15 19:16:00,MSFT,SELL,25,294.2,T005
2024-01-15 19:16:00,GOOGL,SELL,200,117.96,
2024-01-15 19:18:00,GOOGL,BUY,50,118.28,T015
2024-01-15 19:22:00,GOOGL,SELL,150,117.95,T001
2024-01-15 19:23:00,MSFT,SELL,50,305.87,T005
2024-01-15 19:25:00,MSFT,SELL,200,305.52,T001
2024-01-15 19:28:00,GOOGL,SELL,300,120.44,T002
2024-01-15 19:29:00,AAPL,SELL,50,151.97,T005
2024-01-15 19:30:00,TSLA,BUY,50,181.94,T013
2024-01-15 19:30:00,BAC,BUY,75,29.91,T001
2024-01-15 19:31:00,GS,BUY,10,348.33,T014
2024-01-15 19:31:00,BAC,SELL,75,30.02,T010
2024-01-15 19:31:00,JPM,BUY,10,145.38,T013
2024-01-15 19:34:00,MSFT,BUY,50,304.38,T004
2024-01-15 19:34:00,MSFT,SELL,300,302.97,T001
2024-01-15 19:35:00,MSFT,BUY,50,305.12,T001
2024-01-15 19:35:00,MSFT,SELL,50,305.64,T001
2024-01-15 19:35:00,AAPL,BUY,150,148.54,T001
2024-01-15 19:36:00,GOOGL,BUY,150,120.12,T007
2024-01-15 19:37:00,AAPL,BUY,150,150.2,T005
2024-01-15 19:38:00,BAC,BUY,100,30.48,T014
2024-01-15 19:39:00,NVDA,BUY,10,396.7,T013
2024-01-15 19:42:00,GOOGL,SELL,150,120.91,T014
2024-01-15 19:43:00,AAPL,SELL,100,148.28,T002
2024-01-15 19:44:00,AMZN,BUY,100,137.56,T001
2024-01-15 19:44:00,GOOGL,BUY,50,121.94,T007
2024-01-15 19:45:00,GS,BUY,50,353.99,T003
2024-01-15 19:49:00,BAC,SELL,50,30.25,T010
2024-01-15 19:52:00,NVDA,BUY,25,406.09,T009
2024-01-15 19:54:00,MSFT,SELL,50,295.34,T010
2024-01-15 19:54:00,GOOGL,SELL,10,118.56,
2024-01-15 19:54:00,GOOGL,BUY,25,121.28,T012
2024-01-15 19:55:00,JPM,BUY,100,147.25,T009
2024-01-15 19:59:00,JPM,BUY,10,145.05,T007
2024-01-15 19:59:00,TSLA,SELL,25,180.68,T003
2024-01-15 20:00:00,AAPL,SELL,300,150.24,T011
2024-01-15 20:00:00,GOOGL,BUY,50,122.13,T011
2024-01-15 20:04:00,AAPL,BUY,100,148.83,T005
2024-01-15 20:05:00,MSFT,SELL,10,305.68,T013
2024-01-15 20:05:00,GOOGL,SELL,250,119.7,T012
2024-01-15 20:05:00,GOOGL,BUY,50,119.36,T004
2024-01-15 20:07:00,TSLA,SELL,25,181.37,T001
2024-01-15 20:09:00,MSFT,SELL,250,296.96,T001
2024-01-15 20:10:00,NVDA,SELL,25,394.72,T001
2024-01-15 20:11:00,MSFT,BUY,300,297.2,T003
2024-01-15 20:11:00,AAPL,SELL,150,150.02,T003
2024-01-15 20:12:00,NVDA,BUY,25,404.22,T008
2024-01-15 20:12:00,GOOGL,SELL,100,118.64,T004
2024-01-15 20:15:00,AAPL,BUY,100,147.77,T014
2024-01-15 20:16:00,META,BUY,100,245.62,T001
2024-01-15 20:16:00,AAPL,BUY,150,149.85,T009
2024-01-15 20:17:00,AAPL,BUY,100,149.36,T006
2024-01-15 20:17:00,MSFT,SELL,200,294.6,T001
2024-01-15 20:18:00,GS,BUY,50,344.96,T006
2024-01-15 20:18:00,MSFT,BUY,10,301.8,T015
2024-01-15 20:19:00,NVDA,BUY,75,394.86,T001
2024-01-15 20:20:00,AMZN,BUY,10,140.93,T001
2024-01-15 20:20:00,AAPL,BUY,200,150.0,T001
2024-01-15 20:21:00,AAPL,BUY,200,149.78,T008
2024-01-15 20:22:00,GOOGL,SELL,50,118.35,T005
2024-01-15 20:22:00,AAPL,BUY,100,151.39,T014
2024-01-15 20:24:00,GOOGL,SELL,300,120.83,T003
2024-01-15 20:25:00,GS,SELL,50,345.03,T001
2024-01-15 20:26:00,AAPL,SELL,200,151.53,T012
2024-01-15 20:28:00,AAPL,SELL,50,149.98,T005
2024-01-15 20:28:00,AAPL,BUY,100,151.53,T011
2024-01-15 20:31:00,AAPL,BUY,50,152.29,T010
2024-01-15 20:32:00,AAPL,BUY,50,151.59,T002
2024-01-15 20:32:00,AAPL,SELL,250,148.25,T001
2024-01-15 20:35:00,GOOGL,SELL,300,120.14,T015
2024-01-15 20:35:00,MSFT,SELL,250,297.78,T001
2024-01-15 20:40:00,MSFT,SELL,300,301.28,T001
2024-01-15 20:40:00,MSFT,SELL,300,301.28,T001
2024-01-15 20:41:00,BAC,SELL,25,29.73,
2024-01-15 20:41:00,NVDA,SELL,75,403.74,T005
2024-01-15 20:44:00,AAPL,SELL,100,148.32,T006
2024-01-15 20:44:00,BAC,SELL,50,30.5,T001
2024-01-15 20:45:00,AMZN,SELL,25,138.97,
2024-01-15 20:45:00,MSFT,BUY,200,300.54,T015
2024-01-15 20:45:00,AAPL,SELL,250,147.68,T001
2024-01-15 20:50:00,AMZN,SELL,75,138.91,T010
2024-01-15 20:51:00,GOOGL,SELL,250,118.27,T012
2024-01-15 20:53:00,MSFT,SELL,50,302.38,T001
2024-01-15 20:54:00,AAPL,BUY,100,149.0,T015
2024-01-15 20:58:00,GOOGL,BUY,150,119.05,T001
2024-01-15 21:01:00,NVDA,BUY,50,394.22,T001
2024-01-15 21:01:00,MSFT,SELL,100,296.52,T012
2024-01-15 21:01:00,MSFT,BUY,250,297.31,T001
2024-01-15 21:02:00,AMZN,SELL,50,142.39,T009
2024-01-15 21:03:00,MSFT,BUY,50,294.03,T002
2024-01-15 21:03:00,MSFT,BUY,50,294.17,T001
2024-01-15 21:04:00,META,BUY,100,250.98,T001
2024-01-15 21:05:00,GS,BUY,10,352.91,T014
2024-01-15 21:06:00,AAPL,BUY,50,152.66,T001
2024-01-15 21:07:00,AAPL,SELL,250,148.75,T001
2024-01-15 21:08:00,GS,SELL,50,349.78,T001
2024-01-15 21:08:00,MSFT,SELL,200,301.84,T012
2024-01-15 21:09:00,GOOGL,SELL,50,118.64,T006
2024-01-15 21:10:00,MSFT,BUY,200,303.63,T011
2024-01-15 21:11:00,MSFT,BUY,75,296.98,T005
2024-01-15 21:12:00,MSFT,SELL,250,295.69,
2024-01-15 21:12:00,GOOGL,BUY,300,121.77,T003
2024-01-15 21:14:00,GOOGL,SELL,250,118.89,T001
2024-01-15 21:14:00,GS,BUY,25,347.68,T004
2024-01-15 21:15:00,GOOGL,SELL,150,117.82,T002
2024-01-15 21:17:00,JPM,BUY,100,146.44,T001
2024-01-15 21:17:00,GOOGL,SELL,300,119.34,T003
2024-01-15 21:17:00,AAPL,SELL,100,148.06,T006
2024-01-15 21:17:00,BAC,SELL,100,30.55,T006
2024-01-15 21:18:00,GOOGL,SELL,25,122.26,T001
2024-01-15 21:20:00,AMZN,BUY,10,139.63,T006
2024-01-15 21:21:00,MSFT,SELL,300,302.25,T005
2024-01-15 21:21:00,MSFT,SELL,200,296.13,T013
2024-01-15 21:22:00,GS,SELL,100,352.01,T001
2024-01-15 21:22:00,GOOGL,BUY,200,121.16,T004
2024-01-15 21:22:00,AAPL,BUY,10,147.39,T010
2024-01-15 21:23:00,MSFT,BUY,100,296.53,T001
2024-01-15 21:25:00,GOOGL,SELL,150,119.26,T002
2024-01-15 21:27:00,AAPL,SELL,50,147.72,T010
2024-01-15 21:27:00,AAPL,SELL,50,149.38,T012
2024-01-15 21:29:00,GOOGL,SELL,100,121.75,T015
2024-01-15 21:29:00,GOOGL,SELL,50,120.78,T014
2024-01-15 21:29:00,GOOGL,BUY,200,122.32,
2024-01-15 21:30:00,GOOGL,SELL,250,122.14,
2024-01-15 21:30:00,META,BUY,75,245.0,T002
2024-01-15 21:31:00,AAPL,SELL,150,150.48,T014
2024-01-15 21:32:00,NVDA,BUY,50,402.55,T014
2024-01-15 21:33:00,AAPL,SELL,100,149.01,T013
2024-01-15 21:33:00,AAPL,SELL,300,150.05,T002
2024-01-15 21:35:00,MSFT,SELL,100,297.38,T001
2024-01-15 21:36:00,AAPL,SELL,300,149.16,T009
2024-01-15 21:37:00,AAPL,BUY,150,151.8,T001
2024-01-15 21:38:00,GOOGL,SELL,150,120.66,T002
2024-01-15 21:39:00,GOOGL,SELL,50,119.97,T001
2024-01-15 21:41:00,AAPL,SELL,150,147.01,T001
2024-01-15 21:42:00,GOOGL,SELL,50,121.01,T001
2024-01-15 21:44:00,MSFT,BUY,50,295.59,T001
2024-01-15 21:44:00,MSFT,SELL,250,295.56,T001
2024-01-15 21:45:00,GOOGL,SELL,300,120.01,T004
2024-01-15 21:46:00,META,SELL,100,247.87,T001
2024-01-15 21:46:00,META,SELL,100,247.87,T001
2024-01-15 21:47:00,GOOGL,SELL,50,118.02,T008
2024-01-15 21:50:00,BAC,SELL,25,29.8,T014
2024-01-15 21:50:00,GOOGL,SELL,50,120.0,T004
2024-01-15 21:53:00,NVDA,BUY,25,401.54,T013
2024-01-15 21:54:00,NVDA,SELL,75,397.33,T004
2024-01-15 21:56:00,AAPL,BUY,10,147.64,T001
2024-01-15 21:57:00,NVDA,SELL,10,402.26,T008
2024-01-15 21:57:00,META,BUY,25,247.46,T005
2024-01-15 21:57:00,MSFT,BUY,150,297.48,T006
2024-01-15 21:59:00,GOOGL,SELL,10,121.88,T001
2024-01-15 22:01:00,MSFT,BUY,10,299.01,T007
2024-01-15 22:01:00,AAPL,SELL,300,149.61,T001
2024-01-15 22:01:00,MSFT,BUY,250,298.74,T013
2024-01-15 22:04:00,MSFT,SELL,100,305.95,T001
2024-01-15 22:05:00,GOOGL,BUY,100,122.14,T001
2024-01-15 22:05:00,TSLA,SELL,50,181.21,T009
2024-01-15 22:06:00,GS,SELL,10,349.84,T001
2024-01-15 22:07:00,MSFT,SELL,100,301.66,T015
2024-01-15 22:09:00,MSFT,BUY,75,304.26,T001
2024-01-15 22:11:00,TSLA,BUY,50,179.3,T009
2024-01-15 22:12:00,GOOGL,SELL,100,118.96,T008
2024-01-15 22:14:00,AAPL,SELL,300,151.23,T001
2024-01-15 22:15:00,MSFT,BUY,100,297.49,T011
2024-01-15 22:17:00,META,SELL,75,250.76,T001
2024-01-15 22:18:00,AAPL,BUY,50,149.51,T001
2024-01-15 22:18:00,AAPL,BUY,50,149.51,T001
2024-01-15 22:21:00,GS,SELL,10,347.33,T014
2024-01-15 22:22:00,AAPL,SELL,75,147.12,T001
2024-01-15 22:24:00,GOOGL,BUY,50,119.4,T006
2024-01-15 22:24:00,META,SELL,10,245.37,T007
2024-01-15 22:26:00,AAPL,BUY,50,149.57,T001
2024-01-15 22:27:00,MSFT,BUY,100,303.91,T001
2024-01-15 22:29:00,AAPL,SELL,300,151.73,T004
2024-01-15 22:31:00,AAPL,SELL,150,149.69,T015
2024-01-15 22:32:00,MSFT,BUY,200,300.08,T014
2024-01-15 22:34:00,BAC,SELL,25,29.51,T001
2024-01-15 22:34:00,GOOGL,SELL,200,119.55,T010
2024-01-15 22:35:00,AAPL,BUY,150,151.4,T001
2024-01-15 22:35:00,MSFT,SELL,200,294.85,T003
2024-01-15 22:35:00,AAPL,SELL,10,151.58,T005
2024-01-15 22:36:00,NVDA,BUY,25,405.16,T005
2024-01-15 22:40:00,MSFT,SELL,100,304.5,T001
2024-01-15 22:45:00,MSFT,BUY,300,305.11,T009
2024-01-15 22:45:00,AMZN,SELL,100,142.43,
2024-01-15 22:46:00,MSFT,BUY,50,302.85,T001
2024-01-15 22:47:00,BAC,BUY,50,29.75,T001
2024-01-15 22:48:00,GS,SELL,10,348.6,T002
2024-01-15 22:49:00,MSFT,SELL,50,301.96,T001
2024-01-15 22:51:00,AMZN,SELL,100,140.96,T008
2024-01-15 22:57:00,AAPL,SELL,200,152.82,T015
2024-01-15 22:58:00,GS,SELL,10,353.62,T001
2024-01-15 22:58:00,AAPL,SELL,50,150.45,T010
2024-01-15 22:58:00,JPM,BUY,75,145.22,T001
2024-01-15 22:58:00,MSFT,BUY,150,294.26,T001
2024-01-15 22:59:00,AAPL,BUY,100,147.93,T001
2024-01-15 23:00:00,MSFT,SELL,100,295.25,T009
2024-01-15 23:02:00,MSFT,BUY,200,300.16,T008
2024-01-15 23:03:00,MSFT,BUY,300,299.06,T012
2024-01-15 23:05:00,AAPL,BUY,10,152.26,T001
2024-01-15 23:05:00,TSLA,SELL,25,176.54,T001
2024-01-15 23:09:00,GOOGL,SELL,50,120.12,T004
2024-01-15 23:09:00,MSFT,BUY,50,304.03,T003
2024-01-15 23:10:00,TSLA,SELL,100,179.98,T012
2024-01-15 23:11:00,GOOGL,SELL,100,119.68,T011
2024-01-15 23:13:00,GS,SELL,25,345.99,T009
2024-01-15 23:13:00,GOOGL,BUY,150,119.58,T001
2024-01-15 23:15:00,BAC,SELL,25,30.18,T001
2024-01-15 23:15:00,GOOGL,SELL,50,117.79,T002
2024-01-15 23:16:00,MSFT,SELL,300,305.33,T013
2024-01-15 23:17:00,AMZN,BUY,75,140.34,T004
2024-01-15 23:18:00,MSFT,BUY,50,305.65,T015
2024-01-15 23:18:00,AAPL,SELL,200,147.99,T001
2024-01-15 23:20:00,AAPL,BUY,200,152.95,T010
2024-01-15 23:21:00,AMZN,BUY,25,138.31,T005
2024-01-15 23:21:00,GS,BUY,25,351.87,T001
2024-01-15 23:22:00,AAPL,SELL,25,150.62,T007
2024-01-15 23:22:00,JPM,BUY,100,144.97,T010
2024-01-15 23:23:00,NVDA,SELL,10,394.99,T001
2024-01-15 23:25:00,GOOGL,BUY,250,119.72,T001
2024-01-15 23:27:00,JPM,BUY,50,147.37,T015
2024-01-15 23:28:00,GOOGL,BUY,200,120.71,T008
2024-01-15 23:29:00,GOOGL,BUY,50,120.56,T004
2024-01-15 23:30:00,GOOGL,SELL,50,118.72,T005
2024-01-15 23:31:00,GOOGL,BUY,50,122.17,T014
2024-01-15 23:31:00,AAPL,BUY,300,147.01,T001
2024-01-15 23:33:00,AAPL,BUY,150,147.69,T014
2024-01-15 23:33:00,NVDA,BUY,100,393.71,T001
2024-01-15 23:34:00,AAPL,BUY,200,147.61,T005
2024-01-15 23:34:00,GOOGL,SELL,100,119.84,T002
2024-01-15 23:36:00,NVDA,BUY,50,394.34,T007
2024-01-15 23:36:00,MSFT,BUY,75,305.53,T014
2024-01-15 23:36:00,AMZN,BUY,25,142.04,T005
2024-01-15 23:37:00,GOOGL,BUY,75,120.69,T010
2024-01-15 23:38:00,GOOGL,BUY,100,121.99,T001
2024-01-15 23:39:00,GOOGL,SELL,300,118.19,T012
2024-01-15 23:39:00,GOOGL,BUY,150,120.26,T004
2024-01-15 23:39:00,GS,SELL,100,356.49,
2024-01-15 23:42:00,GS,BUY,10,355.1,T015
2024-01-15 23:42:00,BAC,SELL,75,29.98,T007
2024-01-15 23:44:00,AAPL,SELL,100,151.61,T011
2024-01-15 23:45:00,MSFT,SELL,50,302.39,T014
2024-01-15 23:45:00,BAC,SELL,50,30.48,T001
2024-01-15 23:46:00,GOOGL,BUY,50,120.6,T010
2024-01-15 23:48:00,TSLA,BUY,10,182.79,T006
2024-01-15 23:48:00,JPM,SELL,10,146.16,T002
2024-01-15 23:49:00,TSLA,SELL,100,179.86,T008
2024-01-15 23:49:00,MSFT,BUY,300,300.78,T006
2024-01-15 23:52:00,AAPL,SELL,250,150.96,
2024-01-15 23:52:00,GOOGL,BUY,25,121.14,T015
2024-01-15 23:54:00,AMZN,SELL,100,142.38,T001
2024-01-15 23:56:00,BAC,SELL,100,30.39,T006
2024-01-15 23:58:00,MSFT,SELL,150,304.6,T012
2024-01-15 23:58:00,GS,SELL,50,346.37,T012
2024-01-16 00:00:00,AAPL,BUY,150,147.84,T007
2024-01-16 00:00:00,GOOGL,SELL,150,119.76,T013
2024-01-16 00:00:00,MSFT,BUY,200,304.27,T001
2024-01-16 00:02:00,MSFT,BUY,50,295.04,T001
2024-01-16 00:02:00,AAPL,BUY,300,150.94,T012
2024-01-16 00:05:00,GOOGL,BUY,200,121.63,T001
2024-01-16 00:08:00,GOOGL,BUY,250,120.34,T009
2024-01-16 00:12:00,AAPL,BUY,200,148.83,T014
2024-01-16 00:15:00,MSFT,BUY,250,303.34,T001
2024-01-16 00:17:00,BAC,BUY,10,29.54,T012
2024-01-16 00:18:00,NVDA,BUY,25,401.63,T012
2024-01-16 00:19:00,GOOGL,BUY,150,117.66,T001
2024-01-16 00:19:00,MSFT,SELL,100,304.35,T001
2024-01-16 00:28:00,AAPL,BUY,75,151.72,T009
2024-01-16 00:28:00,GOOGL,SELL,200,119.63,T001
2024-01-16 00:30:00,GOOGL,SELL,300,120.49,T001
2024-01-16 00:30:00,GOOGL,SELL,25,119.92,T014
2024-01-16 00:32:00,AAPL,SELL,200,150.03,T001
2024-01-16 00:33:00,GOOGL,BUY,25,117.78,T002
2024-01-16 00:33:00,MSFT,BUY,50,295.7,T001
2024-01-16 00:34:00,AAPL,SELL,50,147.44,T006
2024-01-16 00:35:00,GOOGL,BUY,10,120.68,T006
2024-01-16 00:37:00,AAPL,BUY,250,148.14,
2024-01-16 00:38:00,NVDA,SELL,75,394.07,T014
2024-01-16 00:39:00,TSLA,BUY,50,183.52,T007
2024-01-16 00:42:00,GOOGL,BUY,150,119.14,T002
2024-01-16 00:44:00,MSFT,BUY,300,296.05,T014
2024-01-16 00:47:00,META,SELL,100,253.88,T013
2024-01-16 00:47:00,MSFT,SELL,100,303.1,T001
2024-01-16 00:47:00,BAC,SELL,50,30.54,T004
2024-01-16 00:47:00,META,SELL,100,253.88,T013
2024-01-16 00:49:00,MSFT,BUY,300,298.52,T014
2024-01-16 00:50:00,MSFT,BUY,200,294.83,T006
2024-01-16 00:53:00,MSFT,SELL,200,300.49,
2024-01-16 00:53:00,NVDA,SELL,100,395.13,T012
2024-01-16 00:54:00,GOOGL,SELL,250,119.85,T001
2024-01-16 00:54:00,GOOGL,SELL,250,121.26,T001
2024-01-16 00:55:00,MSFT,SELL,200,294.21,T008
2024-01-16 00:57:00,AAPL,BUY,50,150.27,T001
2024-01-16 00:57:00,NVDA,BUY,50,398.02,T012
2024-01-16 00:58:00,GOOGL,SELL,75,119.31,T005
2024-01-16 00:59:00,AAPL,SELL,300,148.55,T001
2024-01-16 01:04:00,GOOGL,BUY,100,117.93,T010
2024-01-16 01:05:00,GOOGL,BUY,150,118.58,T005
2024-01-16 01:05:00,MSFT,BUY,10,300.32,T009
2024-01-16 01:06:00,GS,SELL,25,345.01,T011
2024-01-16 01:06:00,GOOGL,BUY,75,118.57,T011
2024-01-16 01:08:00,MSFT,SELL,100,298.66,T004
2024-01-16 01:08:00,BAC,SELL,100,29.66,T001
2024-01-16 01:10:00,MSFT,BUY,300,298.83,T009
2024-01-16 01:14:00,TSLA,SELL,75,179.42,T008
2024-01-16 01:16:00,AAPL,SELL,50,148.86,T001
2024-01-16 01:18:00,NVDA,BUY,75,407.12,T001
2024-01-16 01:20:00,AAPL,BUY,50,152.66,T001
2024-01-16 01:21:00,AAPL,SELL,250,148.47,T015
2024-01-16 01:22:00,GOOGL,BUY,100,120.97,T007
2024-01-16 01:23:00,BAC,SELL,25,29.84,T004
2024-01-16 01:24:00,GOOGL,SELL,50,119.06,T001
2024-01-16 01:25:00,AAPL,BUY,200,152.06,T001
2024-01-16 01:25:00,GOOGL,BUY,100,122.18,T003
2024-01-16 01:25:00,AAPL,SELL,250,150.75,T015
2024-01-16 01:29:00,MSFT,BUY,25,296.73,T011
2024-01-16 01:29:00,MSFT,SELL,300,298.8,T007
2024-01-16 01:29:00,MSFT,SELL,300,298.8,T007
2024-01-16 01:30:00,GS,SELL,75,347.24,T003
2024-01-16 01:30:00,AAPL,BUY,300,149.87,T005
2024-01-16 01:30:00,GS,BUY,10,351.29,T001
2024-01-16 19:00:00,GOOGL,BUY,300,119.38,T003
2024-01-16 19:01:00,AAPL,SELL,100,152.57,T008
2024-01-16 19:03:00,GOOGL,BUY,50,120.74,T001
2024-01-16 19:03:00,NVDA,SELL,10,393.93,T011
2024-01-16 19:03:00,MSFT,SELL,250,299.89,T015
2024-01-16 19:05:00,AMZN,SELL,75,138.68,T014
2024-01-16 19:05:00,META,BUY,100,251.09,T014
2024-01-16 19:05:00,GOOGL,SELL,25,120.78,T008
2024-01-16 19:09:00,MSFT,SELL,50,298.45,T001
2024-01-16 19:10:00,BAC,BUY,25,30.15,T001
2024-01-16 19:10:00,NVDA,BUY,10,396.34,T001
2024-01-16 19:13:00,AAPL,BUY,300,147.81,T001
2024-01-16 19:14:00,BAC,BUY,10,30.4,T001
2024-01-16 19:17:00,AAPL,SELL,100,147.86,T003
2024-01-16 19:22:00,GOOGL,SELL,200,118.19,T003
2024-01-16 19:23:00,MSFT,SELL,200,301.98,T001
2024-01-16 19:24:00,AAPL,SELL,10,152.93,T001
2024-01-16 19:25:00,GOOGL,BUY,250,117.76,T006
2024-01-16 19:25:00,MSFT,SELL,100,295.92,T001
2024-01-16 19:30:00,JPM,BUY,100,145.14,T002
2024-01-16 19:33:00,GOOGL,BUY,50,120.84,T011
2024-01-16 19:34:00,AAPL,BUY,50,147.91,
2024-01-16 19:36:00,GOOGL,SELL,300,121.22,T005
2024-01-16 19:36:00,GOOGL,SELL,150,120.75,T007
2024-01-16 19:39:00,NVDA,BUY,10,401.08,T009
2024-01-16 19:39:00,AAPL,SELL,200,147.44,T006
2024-01-16 19:40:00,GOOGL,BUY,10,122.2,T009
2024-01-16 19:40:00,TSLA,SELL,50,181.17,
2024-01-16 19:42:00,AMZN,BUY,100,137.63,
2024-01-16 19:43:00,GOOGL,BUY,150,120.95,T015
2024-01-16 19:44:00,AMZN,BUY,75,141.42,T012
2024-01-16 19:44:00,BAC,SELL,50,29.58,T011
2024-01-16 19:45:00,TSLA,SELL,50,176.87,T007
2024-01-16 19:46:00,AAPL,BUY,25,150.61,
2024-01-16 19:47:00,TSLA,SELL,10,181.56,T006
2024-01-16 19:47:00,MSFT,BUY,75,294.3,T001
2024-01-16 19:48:00,AMZN,SELL,10,141.39,T001
2024-01-16 19:49:00,GOOGL,BUY,50,120.44,T004
2024-01-16 19:53:00,MSFT,SELL,50,294.77,T012
2024-01-16 19:53:00,MSFT,SELL,50,294.57,T014
2024-01-16 19:55:00,GOOGL,BUY,75,120.12,T006
2024-01-16 19:56:00,AAPL,SELL,300,151.2,T012
2024-01-16 19:57:00,GOOGL,BUY,250,122.09,T010
2024-01-16 19:58:00,MSFT,SELL,300,300.74,T005
2024-01-16 19:58:00,GOOGL,BUY,75,119.64,T001
2024-01-16 20:00:00,BAC,BUY,10,29.94,T001
2024-01-16 20:03:00,MSFT,BUY,50,301.49,T015
2024-01-16 20:03:00,GOOGL,BUY,50,119.65,T001
2024-01-16 20:03:00,AAPL,BUY,10,148.25,T001
2024-01-16 20:04:00,MSFT,BUY,50,301.9,T006
2024-01-16 20:05:00,GOOGL,BUY,100,122.0,T001
2024-01-16 20:06:00,NVDA,SELL,50,405.6,T010
2024-01-16 20:06:00,JPM,BUY,10,143.96,T012
2024-01-16 20:07:00,AMZN,SELL,75,138.73,T001
2024-01-16 20:07:00,NVDA,SELL,75,399.06,T010
2024-01-16 20:10:00,TSLA,SELL,50,181.14,T004
2024-01-16 20:12:00,MSFT,BUY,300,296.0,T004
2024-01-16 20:14:00,AAPL,BUY,250,150.8,T001
2024-01-16 20:15:00,META,SELL,25,254.78,T001
2024-01-16 20:16:00,AAPL,BUY,300,150.69,T002
2024-01-16 20:16:00,GOOGL,SELL,250,119.99,T001
2024-01-16 20:16:00,GOOGL,SELL,250,119.99,T001
2024-01-16 20:20:00,GS,BUY,100,345.73,
2024-01-16 20:20:00,BAC,BUY,25,30.29,T001
2024-01-16 20:20:00,AMZN,BUY,100,140.99,T010
2024-01-16 20:21:00,MSFT,BUY,300,294.58,T013
2024-01-16 20:22:00,GS,SELL,75,352.86,T007
2024-01-16 20:24:00,AMZN,SELL,25,138.35,T009
2024-01-16 20:24:00,TSLA,BUY,75,177.66,
2024-01-16 20:24:00,MSFT,SELL,250,300.98,T002
2024-01-16 20:26:00,AAPL,SELL,100,148.3,T014
2024-01-16 20:27:00,AMZN,SELL,75,142.49,T009
2024-01-16 20:27:00,MSFT,BUY,150,299.81,
2024-01-16 20:28:00,NVDA,BUY,25,396.94,T008
2024-01-16 20:29:00,AAPL,BUY,50,148.73,T008
2024-01-16 20:30:00,MSFT,SELL,50,298.98,T004
2024-01-16 20:31:00,GOOGL,SELL,300,122.18,T012
2024-01-16 20:35:00,MSFT,BUY,50,302.29,T011
2024-01-16 20:35:00,JPM,BUY,50,146.72,T012
2024-01-16 20:36:00,AAPL,BUY,200,151.86,T004
2024-01-16 20:36:00,AMZN,SELL,100,138.3,T006
2024-01-16 20:38:00,GOOGL,BUY,50,122.05,T001
2024-01-16 20:39:00,GOOGL,SELL,10,120.03,T007
2024-01-16 20:39:00,AAPL,BUY,50,151.01,T011
2024-01-16 20:40:00,MSFT,BUY,50,296.02,T012
2024-01-16 20:40:00,GOOGL,BUY,50,118.6,T002
2024-01-16 20:42:00,NVDA,BUY,25,392.88,T007
2024-01-16 20:44:00,MSFT,BUY,200,299.21,T008
2024-01-16 20:44:00,MSFT,BUY,200,299.21,T008
2024-01-16 20:46:00,GS,SELL,10,344.04,T001
2024-01-16 20:47:00,MSFT,SELL,75,303.33,T001
2024-01-16 20:49:00,AAPL,SELL,50,152.33,T001
2024-01-16 20:50:00,GOOGL,BUY,75,122.33,T015
2024-01-16 20:50:00,GOOGL,BUY,10,119.8,T001
2024-01-16 20:50:00,BAC,BUY,50,30.54,T001
2024-01-16 20:52:00,AAPL,BUY,10,151.32,T008
2024-01-16 20:53:00,AAPL,SELL,10,148.65,T001
2024-01-16 20:56:00,GOOGL,SELL,50,121.27,T001
2024-01-16 20:58:00,GOOGL,SELL,100,118.29,T010
2024-01-16 20:58:00,TSLA,BUY,50,179.94,T013
2024-01-16 21:01:00,AAPL,SELL,250,148.28,T001
2024-01-16 21:03:00,META,BUY,10,248.89,T007
2024-01-16 21:05:00,GOOGL,SELL,100,121.98,T001
2024-01-16 21:06:00,GOOGL,BUY,50,118.62,T005
2024-01-16 21:06:00,GOOGL,SELL,200,118.03,T011
2024-01-16 21:08:00,AAPL,SELL,300,147.97,T001
2024-01-16 21:09:00,TSLA,SELL,50,179.19,T001
2024-01-16 21:10:00,AAPL,BUY,25,152.33,T001
2024-01-16 21:10:00,NVDA,BUY,10,402.28,
2024-01-16 21:12:00,GOOGL,SELL,150,119.0,T001
2024-01-16 21:13:00,GOOGL,SELL,100,118.52,T001
2024-01-16 21:13:00,GS,BUY,50,347.64,T001
2024-01-16 21:13:00,JPM,SELL,25,144.91,T001
2024-01-16 21:14:00,TSLA,BUY,50,179.05,T003
2024-01-16 21:14:00,AMZN,SELL,100,140.57,T007
2024-01-16 21:17:00,AMZN,BUY,50,141.4,T008
2024-01-16 21:17:00,MSFT,SELL,200,294.3,T001
2024-01-16 21:17:00,MSFT,BUY,250,296.87,T001
2024-01-16 21:18:00,MSFT,SELL,100,302.47,T009
2024-01-16 21:18:00,AAPL,SELL,10,150.85,
2024-01-16 21:18:00,MSFT,BUY,25,299.75,T006
2024-01-16 21:19:00,GOOGL,SELL,200,120.2,T009
2024-01-16 21:20:00,AAPL,SELL,50,151.48,T013
2024-01-16 21:21:00,MSFT,BUY,75,302.8,T010
2024-01-16 21:23:00,TSLA,SELL,25,178.72,
2024-01-16 21:23:00,MSFT,SELL,50,295.74,T005
2024-01-16 21:23:00,TSLA,BUY,75,180.69,T001
2024-01-16 21:26:00,TSLA,SELL,10,177.26,T011
2024-01-16 21:28:00,GOOGL,BUY,75,118.11,T008
2024-01-16 21:28:00,GS,SELL,75,349.25,T006
2024-01-16 21:29:00,META,BUY,50,247.64,T007
2024-01-16 21:31:00,GOOGL,SELL,10,120.21,T002
2024-01-16 21:32:00,AAPL,SELL,100,151.26,T005
2024-01-16 21:33:00,TSLA,SELL,50,182.42,T006
2024-01-16 21:35:00,GOOGL,BUY,50,118.68,T010
2024-01-16 21:35:00,MSFT,BUY,250,302.97,T004
2024-01-16 21:37:00,GOOGL,BUY,150,121.85,T001
2024-01-16 21:37:00,TSLA,BUY,50,177.5,T006
2024-01-16 21:38:00,AAPL,BUY,100,151.64,T001
2024-01-16 21:38:00,GOOGL,SELL,150,121.36,T007
2024-01-16 21:39:00,AAPL,SELL,50,151.04,T004
2024-01-16 21:39:00,GOOGL,SELL,150,122.07,T005
2024-01-16 21:43:00,GOOGL,BUY,100,118.91,T010
2024-01-16 21:43:00,AAPL,BUY,50,147.14,T001
2024-01-16 21:43:00,AMZN,SELL,25,142.04,T007
2024-01-16 21:44:00,JPM,BUY,50,142.51,T011
2024-01-16 21:46:00,AAPL,SELL,50,151.57,T010
2024-01-16 21:48:00,MSFT,BUY,100,302.35,T008
2024-01-16 21:50:00,BAC,BUY,100,30.51,T015
2024-01-16 21:50:00,AAPL,BUY,200,152.65,T007
2024-01-16 21:50:00,AAPL,SELL,75,150.58,T008
2024-01-16 21:52:00,MSFT,BUY,300,295.29,T013
2024-01-16 21:53:00,AAPL,BUY,100,149.72,T014
2024-01-16 21:53:00,GOOGL,BUY,200,117.85,T001
2024-01-16 21:54:00,AMZN,BUY,75,137.29,T002
2024-01-16 21:56:00,GOOGL,SELL,75,118.27,T001
2024-01-16 21:56:00,TSLA,BUY,75,178.84,T002
2024-01-16 21:57:00,MSFT,SELL,100,295.36,T013
2024-01-16 21:57:00,GOOGL,BUY,300,118.18,T006
2024-01-16 21:57:00,MSFT,SELL,100,295.36,T013
2024-01-16 21:57:00,TSLA,BUY,75,182.91,T014
2024-01-16 21:58:00,GOOGL,SELL,25,121.25,T010
2024-01-16 21:58:00,GOOGL,BUY,100,122.18,T005
2024-01-16 21:59:00,AAPL,BUY,150,147.8,T001
2024-01-16 21:59:00,AAPL,BUY,150,147.8,T001
2024-01-16 22:00:00,AAPL,BUY,50,151.5,T006
2024-01-16 22:01:00,MSFT,SELL,250,300.5,T001
2024-01-16 22:01:00,AAPL,SELL,150,151.14,T010
2024-01-16 22:04:00,JPM,BUY,25,144.75,T006
2024-01-16 22:04:00,META,BUY,75,249.05,T006
2024-01-16 22:06:00,BAC,SELL,100,30.54,T004
2024-01-16 22:07:00,GS,BUY,10,348.09,T007
2024-01-16 22:09:00,TSLA,BUY,75,179.61,T008
2024-01-16 22:09:00,AMZN,BUY,75,137.68,T008
2024-01-16 22:10:00,GOOGL,SELL,50,117.93,T001
2024-01-16 22:10:00,AMZN,SELL,100,139.84,T011
2024-01-16 22:11:00,MSFT,SELL,10,294.84,T008
2024-01-16 22:12:00,MSFT,BUY,200,297.58,T001
2024-01-16 22:13:00,MSFT,BUY,200,304.51,T010
2024-01-16 22:14:00,GOOGL,BUY,200,122.22,T001
2024-01-16 22:18:00,MSFT,BUY,250,302.12,T005
2024-01-16 22:19:00,AAPL,SELL,150,147.32,T012
2024-01-16 22:19:00,JPM,SELL,75,142.78,T001
2024-01-16 22:20:00,AAPL,SELL,50,150.96,T010
2024-01-16 22:21:00,AAPL,BUY,150,149.57,T001
2024-01-16 22:23:00,AAPL,SELL,100,149.21,T003
2024-01-16 22:25:00,GOOGL,SELL,100,119.17,T002
2024-01-16 22:26:00,MSFT,BUY,50,300.49,T001
2024-01-16 22:27:00,GOOGL,SELL,300,119.89,T015
2024-01-16 22:28:00,MSFT,SELL,150,301.85,T001
2024-01-16 22:29:00,GOOGL,BUY,250,120.57,T011
2024-01-16 22:31:00,GOOGL,SELL,100,121.92,T001
2024-01-16 22:31:00,BAC,SELL,100,30.58,T010
2024-01-16 22:31:00,BAC,SELL,100,30.58,T010
2024-01-16 22:33:00,AAPL,BUY,25,150.81,T001
2024-01-16 22:33:00,BAC,SELL,25,30.08,T008
2024-01-16 22:35:00,NVDA,SELL,10,405.93,T001
2024-01-16 22:36:00,GOOGL,BUY,100,120.92,T001
2024-01-16 22:36:00,AAPL,BUY,250,152.99,T014
2024-01-16 22:40:00,MSFT,SELL,200,304.3,T001
2024-01-16 22:41:00,GOOGL,SELL,100,119.49,T001
2024-01-16 22:42:00,GOOGL,SELL,200,117.69,T011
2024-01-16 22:43:00,TSLA,SELL,75,176.57,T001
2024-01-16 22:43:00,TSLA,SELL,75,176.57,T001
2024-01-16 22:45:00,AAPL,SELL,300,148.12,T001
2024-01-16 22:45:00,GOOGL,SELL,25,120.2,T012
2024-01-16 22:45:00,GOOGL,SELL,75,119.65,T001
2024-01-16 22:46:00,GOOGL,BUY,200,120.67,
2024-01-16 22:46:00,MSFT,BUY,150,301.95,T001
2024-01-16 22:48:00,AAPL,SELL,200,151.68,T001
2024-01-16 22:50:00,GOOGL,SELL,200,122.34,T001
2024-01-16 22:52:00,AAPL,BUY,100,152.33,T008
2024-01-16 22:53:00,GS,BUY,100,351.43,T001
2024-01-16 22:54:00,TSLA,SELL,100,177.49,T011
2024-01-16 22:54:00,AMZN,SELL,50,142.42,T013
2024-01-16 22:55:00,AMZN,SELL,100,141.23,T001
2024-01-16 23:01:00,GOOGL,BUY,10,118.43,T006
2024-01-16 23:06:00,AAPL,BUY,150,151.04,
2024-01-16 23:07:00,GS,SELL,100,346.47,T005
2024-01-16 23:08:00,AAPL,BUY,150,148.59,T001
2024-01-16 23:10:00,NVDA,BUY,10,396.67,T001
2024-01-16 23:12:00,AAPL,BUY,50,149.16,T008
2024-01-16 23:13:00,GOOGL,BUY,100,119.11,T001
2024-01-16 23:15:00,GOOGL,BUY,10,120.29,T013
2024-01-16 23:16:00,AAPL,SELL,200,152.44,T001
2024-01-16 23:16:00,AAPL,SELL,300,149.84,T003
2024-01-16 23:16:00,MSFT,BUY,300,301.33,T001
2024-01-16 23:17:00,MSFT,BUY,50,294.31,
2024-01-16 23:17:00,AMZN,BUY,25,141.83,T011
2024-01-16 23:19:00,AAPL,SELL,250,150.06,T001
2024-01-16 23:22:00,NVDA,BUY,25,393.41,T006
2024-01-16 23:23:00,GOOGL,SELL,100,121.1,T001
2024-01-16 23:23:00,GOOGL,BUY,100,121.37,T006
2024-01-16 23:25:00,AAPL,SELL,150,149.94,T013
2024-01-16 23:26:00,GOOGL,BUY,50,119.2,T008
2024-01-16 23:27:00,AAPL,SELL,100,150.19,T007
2024-01-16 23:29:00,AAPL,SELL,10,147.6,T011
2024-01-16 23:29:00,META,SELL,10,252.23,T001
2024-01-16 23:31:00,GOOGL,BUY,300,121.29,T001
2024-01-16 23:31:00,TSLA,BUY,25,183.16,T013
2024-01-16 23:32:00,GOOGL,BUY,300,120.73,T001
2024-01-16 23:33:00,MSFT,BUY,150,302.16,T006
2024-01-16 23:36:00,META,SELL,25,254.67,T011
2024-01-16 23:37:00,GOOGL,BUY,150,121.46,T003
2024-01-16 23:40:00,AAPL,SELL,300,149.94,T011
2024-01-16 23:41:00,MSFT,SELL,100,304.21,T007
2024-01-16 23:42:00,GOOGL,SELL,200,121.77,T002
2024-01-16 23:42:00,JPM,BUY,10,147.75,T013
2024-01-16 23:43:00,META,BUY,10,245.1,T008
2024-01-16 23:43:00,NVDA,BUY,25,404.74,T001
2024-01-16 23:45:00,AAPL,BUY,100,152.18,T004
2024-01-16 23:45:00,AAPL,BUY,100,152.18,T004
2024-01-16 23:45:00,AAPL,BUY,100,151.88,T013
2024-01-16 23:47:00,AAPL,SELL,50,147.62,T014
2024-01-16 23:47:00,AAPL,BUY,250,147.72,T001
2024-01-16 23:47:00,BAC,SELL,75,29.93,T009
2024-01-16 23:50:00,NVDA,SELL,50,392.28,T004
2024-01-16 23:51:00,AAPL,BUY,25,151.0,T009
2024-01-16 23:51:00,GOOGL,SELL,50,118.83,T001
2024-01-16 23:51:00,AAPL,SELL,50,149.97,T002
2024-01-16 23:52:00,MSFT,SELL,100,302.6,T001
2024-01-16 23:52:00,MSFT,SELL,200,298.61,T010
2024-01-16 23:52:00,GOOGL,BUY,10,122.23,T001
2024-01-16 23:54:00,GOOGL,SELL,100,121.68,T006
2024-01-16 23:57:00,MSFT,SELL,200,305.96,T014
2024-01-17 00:04:00,AAPL,SELL,75,149.42,T010
2024-01-17 00:05:00,GOOGL,BUY,50,117.71,T011
2024-01-17 00:05:00,AAPL,SELL,150,150.77,T005
2024-01-17 00:05:00,AMZN,SELL,50,140.66,T011
2024-01-17 00:06:00,AAPL,BUY,250,147.22,T001
2024-01-17 00:06:00,AAPL,BUY,250,147.22,T001
2024-01-17 00:08:00,NVDA,BUY,50,394.32,T002
2024-01-17 00:09:00,AAPL,SELL,200,149.64,T001
2024-01-17 00:09:00,NVDA,SELL,50,392.2,
2024-01-17 00:12:00,MSFT,SELL,200,304.54,
2024-01-17 00:12:00,GOOGL,BUY,100,122.19,T011
2024-01-17 00:12:00,MSFT,SELL,200,304.54,
2024-01-17 00:13:00,AMZN,BUY,25,140.95,T001
2024-01-17 00:14:00,META,SELL,10,245.38,T002
2024-01-17 00:17:00,AAPL,BUY,50,148.62,T001
2024-01-17 00:19:00,GOOGL,BUY,100,119.37,T001
2024-01-17 00:19:00,TSLA,BUY,25,178.87,T001
2024-01-17 00:22:00,MSFT,BUY,50,302.14,T004
2024-01-17 00:22:00,MSFT,SELL,250,298.49,T011
2024-01-17 00:22:00,GOOGL,BUY,300,122.04,T006
2024-01-17 00:22:00,TSLA,SELL,100,182.09,T012
2024-01-17 00:23:00,GS,SELL,25,352.28,T005
2024-01-17 00:23:00,AAPL,SELL,250,148.0,T001
2024-01-17 00:23:00,GOOGL,BUY,25,120.15,T014
2024-01-17 00:24:00,JPM,SELL,50,147.13,T015
2024-01-17 00:24:00,JPM,SELL,50,147.13,T015
2024-01-17 00:25:00,TSLA,BUY,10,180.14,T001
2024-01-17 00:25:00,JPM,BUY,25,144.8,T001
2024-01-17 00:26:00,MSFT,BUY,200,296.09,T010
2024-01-17 00:26:00,GOOGL,BUY,100,121.78,T001
2024-01-17 00:27:00,TSLA,BUY,100,177.72,T007
2024-01-17 00:30:00,GS,SELL,25,355.61,T010
2024-01-17 00:30:00,MSFT,BUY,300,295.76,T001
2024-01-17 00:33:00,AAPL,BUY,100,151.7,T001
2024-01-17 00:35:00,JPM,BUY,10,143.36,T002
2024-01-17 00:36:00,AAPL,SELL,250,147.03,T001
2024-01-17 00:37:00,AAPL,SELL,100,149.82,T011
2024-01-17 00:42:00,META,SELL,100,251.67,T001
2024-01-17 00:43:00,GOOGL,SELL,300,119.46,T002
2024-01-17 00:47:00,GOOGL,BUY,50,119.57,T001
2024-01-17 00:48:00,GOOGL,BUY,75,118.32,T004
2024-01-17 00:48:00,META,SELL,75,248.52,T014
2024-01-17 00:48:00,META,SELL,25,253.12,T003
2024-01-17 00:51:00,META,SELL,25,245.6,T001
2024-01-17 00:52:00,AAPL,BUY,200,151.25,T001
2024-01-17 00:53:00,MSFT,BUY,300,298.92,T015
2024-01-17 00:55:00,META,BUY,100,246.73,T011
2024-01-17 00:55:00,AAPL,BUY,150,149.39,T002
2024-01-17 00:56:00,BAC,SELL,50,30.58,T004
2024-01-17 00:57:00,AMZN,SELL,50,142.71,
2024-01-17 00:58:00,AAPL,BUY,150,150.76,T012
2024-01-17 00:58:00,AAPL,BUY,150,150.76,T012
2024-01-17 00:59:00,BAC,BUY,10,30.14,T001
2024-01-17 01:02:00,AAPL,SELL,100,147.68,T015
2024-01-17 01:05:00,MSFT,BUY,150,304.36,T014
2024-01-17 01:06:00,JPM,SELL,50,147.15,T011
2024-01-17 01:06:00,GOOGL,SELL,50,119.98,T001
2024-01-17 01:08:00,AMZN,SELL,75,137.5,T001
2024-01-17 01:08:00,GOOGL,BUY,200,122.14,T013
2024-01-17 01:09:00,GOOGL,BUY,100,118.87,T005
2024-01-17 01:10:00,NVDA,SELL,100,402.06,T015
2024-01-17 01:11:00,GOOGL,BUY,10,119.03,T012
2024-01-17 01:13:00,MSFT,SELL,150,301.64,T001
2024-01-17 01:13:00,BAC,SELL,25,30.44,T007
2024-01-17 01:14:00,GOOGL,BUY,300,118.5,T015
2024-01-17 01:14:00,AAPL,SELL,200,148.88,T011
2024-01-17 01:16:00,BAC,BUY,50,29.8,T001
2024-01-17 01:16:00,BAC,BUY,50,29.8,T001
2024-01-17 01:18:00,JPM,SELL,10,145.31,T002
2024-01-17 01:18:00,GOOGL,BUY,300,119.31,T002
2024-01-17 01:18:00,AAPL,BUY,100,148.28,T001
2024-01-17 01:21:00,NVDA,SELL,50,399.39,T012
2024-01-17 01:22:00,AMZN,BUY,100,139.4,T015
2024-01-17 01:23:00,AMZN,SELL,100,141.7,T009
2024-01-17 01:24:00,GOOGL,SELL,10,120.05,T001
2024-01-17 01:24:00,AMZN,SELL,10,138.73,T002
2024-01-17 01:26:00,GOOGL,BUY,200,120.89,T001
2024-01-17 01:26:00,GOOGL,BUY,200,120.89,T001
2024-01-17 01:26:00,AAPL,SELL,100,150.39,T001
2024-01-17 01:27:00,MSFT,BUY,100,297.7,T001
2024-01-17 01:29:00,GS,BUY,25,352.03,T008
2024-01-17 19:00:00,GOOGL,SELL,150,119.64,T013
2024-01-17 19:01:00,NVDA,BUY,10,406.56,T015
2024-01-17 19:01:00,MSFT,SELL,100,305.0,
2024-01-17 19:01:00,MSFT,SELL,100,300.52,T001
2024-01-17 19:01:00,NVDA,BUY,25,402.33,
2024-01-17 19:04:00,MSFT,SELL,250,294.81,T010
2024-01-17 19:05:00,GOOGL,BUY,100,117.94,
2024-01-17 19:06:00,MSFT,BUY,150,294.99,T001
2024-01-17 19:11:00,GOOGL,SELL,25,117.73,T015
2024-01-17 19:12:00,MSFT,SELL,50,297.38,T001
2024-01-17 19:13:00,AAPL,SELL,10,152.08,T001
2024-01-17 19:14:00,AAPL,BUY,10,149.77,T001
2024-01-17 19:18:00,GOOGL,BUY,200,121.54,T001
2024-01-17 19:18:00,TSLA,BUY,75,179.01,T002
2024-01-17 19:20:00,AAPL,SELL,300,147.62,
2024-01-17 19:22:00,MSFT,BUY,75,295.38,T002
2024-01-17 19:22:00,GOOGL,SELL,200,118.51,T010
2024-01-17 19:24:00,AAPL,BUY,50,147.87,
2024-01-17 19:26:00,GOOGL,SELL,150,118.0,T011
2024-01-17 19:26:00,GOOGL,SELL,300,121.09,T008
2024-01-17 19:27:00,NVDA,SELL,25,404.76,T002
2024-01-17 19:28:00,GOOGL,BUY,250,118.78,T011
2024-01-17 19:28:00,TSLA,BUY,25,179.35,T003
2024-01-17 19:29:00,BAC,SELL,10,30.59,T001
2024-01-17 19:30:00,MSFT,BUY,300,299.23,T007
2024-01-17 19:30:00,AAPL,BUY,200,151.91,T013
2024-01-17 19:31:00,AAPL,SELL,250,147.57,T002
2024-01-17 19:32:00,TSLA,BUY,10,180.62,T006
2024-01-17 19:32:00,MSFT,SELL,100,298.97,T005
2024-01-17 19:32:00,MSFT,SELL,250,303.02,T006
2024-01-17 19:36:00,AAPL,SELL,75,152.48,T001
2024-01-17 19:37:00,MSFT,SELL,50,303.41,T004
2024-01-17 19:37:00,MSFT,SELL,50,299.62,T003
2024-01-17 19:41:00,GOOGL,SELL,75,118.81,
2024-01-17 19:41:00,GOOGL,BUY,100,119.67,T012
2024-01-17 19:42:00,NVDA,SELL,100,403.43,T002
2024-01-17 19:42:00,AAPL,BUY,250,152.04,T004
2024-01-17 19:44:00,AAPL,SELL,50,152.68,T012
2024-01-17 19:44:00,GOOGL,SELL,50,121.47,T001
2024-01-17 19:46:00,TSLA,SELL,25,176.52,T001
2024-01-17 19:47:00,TSLA,BUY,75,177.4,T014
2024-01-17 19:49:00,GOOGL,SELL,100,118.8,T001
2024-01-17 19:51:00,BAC,BUY,100,29.56,T012
2024-01-17 19:51:00,MSFT,BUY,250,301.94,T009
2024-01-17 19:51:00,AAPL,BUY,150,150.66,T008
2024-01-17 19:54:00,AAPL,BUY,200,152.97,T001
2024-01-17 19:55:00,AAPL,SELL,250,147.55,T002
2024-01-17 19:58:00,NVDA,BUY,100,399.65,T001
2024-01-17 19:59:00,GOOGL,SELL,100,122.16,T013
2024-01-17 20:00:00,MSFT,BUY,75,299.25,
2024-01-17 20:00:00,GOOGL,SELL,10,122.09,T002
2024-01-17 20:02:00,JPM,SELL,25,147.07,T001
2024-01-17 20:02:00,NVDA,SELL,100,404.7,T002
2024-01-17 20:04:00,NVDA,BUY,50,398.61,T001
2024-01-17 20:05:00,AAPL,BUY,100,150.83,
2024-01-17 20:09:00,MSFT,SELL,200,294.04,T001
2024-01-17 20:10:00,GS,BUY,100,356.93,T003
2024-01-17 20:11:00,MSFT,BUY,75,297.57,T001
2024-01-17 20:11:00,TSLA,SELL,100,176.85,T008
2024-01-17 20:11:00,NVDA,BUY,25,399.33,T011
2024-01-17 20:12:00,AAPL,BUY,300,147.78,T001
2024-01-17 20:12:00,AMZN,BUY,50,139.09,T014
2024-01-17 20:12:00,AAPL,SELL,150,151.4,T011
2024-01-17 20:12:00,AAPL,SELL,150,151.4,T011
2024-01-17 20:13:00,GOOGL,BUY,200,118.14,T002
2024-01-17 20:13:00,GOOGL,BUY,200,118.14,T002
2024-01-17 20:15:00,AAPL,SELL,200,148.32,T015
2024-01-17 20:15:00,BAC,BUY,100,29.68,T001
2024-01-17 20:15:00,GOOGL,SELL,25,121.71,T004
2024-01-17 20:20:00,META,BUY,10,247.71,T010
2024-01-17 20:22:00,GS,BUY,25,345.57,T008
2024-01-17 20:24:00,AMZN,BUY,10,140.42,T011
2024-01-17 20:24:00,MSFT,SELL,50,299.68,T014
2024-01-17 20:25:00,GOOGL,BUY,50,120.67,T001
2024-01-17 20:26:00,GOOGL,SELL,150,118.38,T014
2024-01-17 20:26:00,AAPL,BUY,10,150.48,T001
2024-01-17 20:29:00,META,SELL,100,249.64,T003
2024-01-17 20:29:00,MSFT,BUY,250,297.58,T008
2024-01-17 20:30:00,GOOGL,BUY,150,121.59,T002
2024-01-17 20:31:00,JPM,SELL,50,147.78,T001
2024-01-17 20:32:00,AMZN,SELL,50,141.61,
2024-01-17 20:32:00,NVDA,BUY,10,402.66,T015
2024-01-17 20:35:00,MSFT,SELL,75,304.24,T001
2024-01-17 20:36:00,GOOGL,SELL,300,121.74,T009
2024-01-17 20:36:00,GOOGL,BUY,50,120.11,T006
2024-01-17 20:37:00,AAPL,SELL,100,148.37,T002
2024-01-17 20:39:00,AAPL,SELL,25,152.83,T004
2024-01-17 20:39:00,AMZN,BUY,25,137.9,T014
2024-01-17 20:41:00,AMZN,BUY,75,141.67,T003
2024-01-17 20:41:00,JPM,SELL,25,142.76,T001
2024-01-17 20:42:00,GOOGL,BUY,200,119.11,T005
2024-01-17 20:42:00,AAPL,SELL,25,152.16,T005
2024-01-17 20:45:00,GOOGL,SELL,150,119.54,T001
2024-01-17 20:45:00,TSLA,SELL,100,182.79,T015
2024-01-17 20:47:00,MSFT,SELL,150,301.53,T004
2024-01-17 20:50:00,GOOGL,BUY,50,120.15,T001
2024-01-17 20:51:00,AAPL,BUY,100,149.15,T010
2024-01-17 20:54:00,GOOGL,BUY,50,119.12,T002
2024-01-17 20:54:00,GOOGL,SELL,150,121.05,T012
2024-01-17 20:54:00,MSFT,BUY,50,299.67,T001
2024-01-17 20:56:00,MSFT,SELL,100,302.7,T008
2024-01-17 20:57:00,META,SELL,100,248.39,T001
2024-01-17 20:59:00,GS,SELL,10,353.75,T004
2024-01-17 21:03:00,MSFT,SELL,100,300.41,T009
2024-01-17 21:03:00,NVDA,SELL,10,402.81,T003
2024-01-17 21:04:00,NVDA,BUY,75,398.56,T001
2024-01-17 21:05:00,GOOGL,SELL,75,121.47,T011
2024-01-17 21:07:00,MSFT,SELL,200,302.89,T008
2024-01-17 21:08:00,GOOGL,BUY,150,120.52,T001
2024-01-17 21:11:00,GOOGL,BUY,150,119.46,T012
2024-01-17 21:12:00,MSFT,SELL,200,295.04,T015
2024-01-17 21:14:00,BAC,BUY,10,29.91,T005
2024-01-17 21:15:00,META,SELL,25,251.47,T001
2024-01-17 21:15:00,GOOGL,BUY,250,121.49,T001
2024-01-17 21:16:00,AAPL,BUY,50,150.27,T010
2024-01-17 21:17:00,GS,BUY,75,351.0,T001
2024-01-17 21:17:00,AAPL,BUY,200,148.0,T015
2024-01-17 21:17:00,META,BUY,75,253.22,T013
2024-01-17 21:18:00,META,SELL,10,246.45,
2024-01-17 21:18:00,GOOGL,SELL,250,121.67,T001
2024-01-17 21:19:00,AAPL,SELL,50,149.14,T006
2024-01-17 21:20:00,AAPL,BUY,100,149.01,T009
2024-01-17 21:20:00,GOOGL,SELL,200,121.44,T007
2024-01-17 21:20:00,MSFT,SELL,25,299.11,T001
2024-01-17 21:21:00,NVDA,BUY,100,406.58,T012
2024-01-17 21:21:00,BAC,BUY,100,29.93,T002
2024-01-17 21:21:00,MSFT,SELL,100,305.49,T004
2024-01-17 21:23:00,META,SELL,10,247.82,T001
2024-01-17 21:23:00,GOOGL,BUY,150,121.34,T002
2024-01-17 21:24:00,MSFT,SELL,300,297.46,T001
2024-01-17 21:25:00,META,SELL,100,247.04,T001
2024-01-17 21:26:00,AAPL,BUY,75,152.93,T001
2024-01-17 21:27:00,MSFT,BUY,50,303.0,T004
2024-01-17 21:27:00,AAPL,BUY,50,148.46,T001
2024-01-17 21:28:00,META,SELL,50,251.35,T012
2024-01-17 21:29:00,META,SELL,100,249.89,T001
2024-01-17 21:32:00,AAPL,SELL,100,147.25,T011
2024-01-17 21:32:00,AAPL,SELL,25,151.28,T014
2024-01-17 21:32:00,AAPL,SELL,100,147.25,T011
2024-01-17 21:33:00,AAPL,BUY,50,149.59,T008
2024-01-17 21:34:00,GOOGL,SELL,200,118.0,T015
2024-01-17 21:35:00,AAPL,SELL,150,147.69,T012
2024-01-17 21:39:00,AAPL,SELL,50,152.59,T009
2024-01-17 21:40:00,GOOGL,BUY,25,120.41,
2024-01-17 21:44:00,MSFT,BUY,200,301.8,T012
2024-01-17 21:45:00,BAC,SELL,25,29.79,T007
2024-01-17 21:45:00,BAC,SELL,10,30.54,T001
2024-01-17 21:46:00,GS,BUY,50,353.78,T015
2024-01-17 21:47:00,MSFT,SELL,250,302.05,T001
2024-01-17 21:47:00,NVDA,BUY,10,404.47,T001
2024-01-17 21:48:00,TSLA,SELL,25,179.98,
2024-01-17 21:49:00,TSLA,SELL,50,179.52,T007
2024-01-17 21:51:00,GOOGL,BUY,200,120.58,T015
2024-01-17 21:53:00,GOOGL,BUY,10,118.77,T001
2024-01-17 21:53:00,GOOGL,BUY,10,118.77,T001
2024-01-17 21:54:00,JPM,BUY,25,147.37,T001
2024-01-17 21:55:00,AAPL,BUY,10,151.14,T001
2024-01-17 21:58:00,AAPL,BUY,100,148.95,T001
2024-01-17 21:59:00,META,SELL,75,245.1,T008
2024-01-17 22:00:00,BAC,SELL,75,30.19,T011
2024-01-17 22:00:00,AMZN,BUY,50,137.97,T001
2024-01-17 22:05:00,AMZN,BUY,25,138.23,T005
2024-01-17 22:06:00,META,SELL,25,247.29,T001
2024-01-17 22:06:00,META,SELL,25,247.29,T001
2024-01-17 22:07:00,GS,BUY,50,351.21,T013
2024-01-17 22:08:00,GOOGL,BUY,100,120.19,T001
2024-01-17 22:11:00,GOOGL,SELL,300,120.4,T001
2024-01-17 22:11:00,BAC,SELL,10,29.92,T001
2024-01-17 22:15:00,AAPL,SELL,150,150.71,T012
2024-01-17 22:15:00,MSFT,SELL,250,295.61,T001
2024-01-17 22:17:00,MSFT,SELL,150,294.47,T001
2024-01-17 22:18:00,AMZN,SELL,50,139.22,T008
2024-01-17 22:18:00,META,SELL,75,245.98,T011
2024-01-17 22:19:00,NVDA,SELL,25,392.13,T001
2024-01-17 22:20:00,MSFT,SELL,100,297.93,T014
2024-01-17 22:21:00,MSFT,SELL,50,303.93,T001
2024-01-17 22:22:00,GOOGL,SELL,75,119.76,T001
2024-01-17 22:23:00,TSLA,SELL,25,182.07,T011
2024-01-17 22:24:00,MSFT,BUY,100,300.55,T010
2024-01-17 22:26:00,BAC,BUY,75,30.19,T004
2024-01-17 22:27:00,AMZN,BUY,25,138.31,T001
2024-01-17 22:27:00,MSFT,BUY,150,299.1,T001
2024-01-17 22:28:00,TSLA,SELL,100,179.75,T009
2024-01-17 22:29:00,AAPL,BUY,300,148.98,T014
2024-01-17 22:30:00,GS,SELL,50,354.36,T001
2024-01-17 22:30:00,TSLA,BUY,100,177.03,T001
2024-01-17 22:31:00,GOOGL,BUY,300,121.71,T001
2024-01-17 22:33:00,GOOGL,BUY,10,120.25,T003
2024-01-17 22:36:00,AAPL,SELL,200,152.73,T001
2024-01-17 22:37:00,AMZN,BUY,10,139.67,T006
2024-01-17 22:38:00,AAPL,BUY,200,147.92,T008
2024-01-17 22:38:00,AAPL,BUY,250,152.66,T001
2024-01-17 22:40:00,GOOGL,BUY,300,120.41,T010
2024-01-17 22:41:00,MSFT,SELL,200,304.17,T001
2024-01-17 22:43:00,AAPL,BUY,300,149.42,
2024-01-17 22:44:00,AAPL,BUY,150,150.85,T012
2024-01-17 22:45:00,AAPL,BUY,50,147.14,T001
2024-01-17 22:45:00,AMZN,SELL,50,140.04,T001
2024-01-17 22:47:00,AAPL,BUY,100,147.84,T001
2024-01-17 22:49:00,MSFT,BUY,250,296.62,T001
2024-01-17 22:50:00,MSFT,SELL,50,302.64,T001
2024-01-17 22:51:00,GS,BUY,25,345.98,T009
2024-01-17 22:53:00,GOOGL,SELL,50,121.29,T012
2024-01-17 22:53:00,MSFT,BUY,300,300.16,T001
2024-01-17 22:56:00,MSFT,BUY,50,305.15,T001
2024-01-17 22:56:00,NVDA,SELL,100,398.98,T013
2024-01-17 22:57:00,MSFT,SELL,50,295.8,T001
2024-01-17 22:58:00,GOOGL,SELL,100,121.29,T012
2024-01-17 22:59:00,NVDA,SELL,50,406.24,T012
2024-01-17 22:59:00,GOOGL,SELL,75,118.51,
2024-01-17 23:02:00,AAPL,SELL,250,152.75,T012
2024-01-17 23:03:00,BAC,SELL,75,29.94,T012
2024-01-17 23:04:00,AAPL,BUY,250,148.6,T006
2024-01-17 23:06:00,GOOGL,BUY,75,118.46,T001
2024-01-17 23:06:00,TSLA,SELL,10,176.71,T001
2024-01-17 23:07:00,AAPL,SELL,200,150.05,T006
2024-01-17 23:08:00,GOOGL,SELL,250,121.5,T001
2024-01-17 23:10:00,GOOGL,BUY,50,119.12,T014
2024-01-17 23:11:00,GS,BUY,100,354.29,T009
2024-01-17 23:12:00,AMZN,SELL,25,138.82,T001
2024-01-17 23:13:00,TSLA,SELL,100,177.21,T012
2024-01-17 23:13:00,GOOGL,BUY,150,119.32,T007
2024-01-17 23:14:00,AAPL,SELL,250,151.87,T015
2024-01-17 23:15:00,BAC,BUY,75,29.45,T011
2024-01-17 23:15:00,JPM,SELL,25,147.13,T002
2024-01-17 23:16:00,MSFT,BUY,75,295.56,T008
2024-01-17 23:16:00,GOOGL,BUY,200,120.1,T001
2024-01-17 23:16:00,TSLA,SELL,50,181.93,T014
2024-01-17 23:17:00,BAC,BUY,100,30.37,T005
2024-01-17 23:17:00,GOOGL,SELL,250,119.14,T001
2024-01-17 23:21:00,AAPL,BUY,50,151.29,T007
2024-01-17 23:23:00,MSFT,BUY,100,305.8,T001
2024-01-17 23:25:00,NVDA,BUY,75,406.85,T004
2024-01-17 23:25:00,GOOGL,BUY,200,118.81,T015
2024-01-17 23:26:00,BAC,BUY,100,30.03,T015
2024-01-17 23:28:00,GOOGL,BUY,150,122.3,T001
2024-01-17 23:30:00,MSFT,SELL,75,299.92,T003
2024-01-17 23:30:00,META,SELL,25,246.21,T007
2024-01-17 23:33:00,MSFT,BUY,25,296.09,T003
2024-01-17 23:34:00,AAPL,BUY,25,148.99,T013
2024-01-17 23:37:00,AAPL,SELL,200,147.74,T001
2024-01-17 23:37:00,NVDA,SELL,75,403.02,T009
2024-01-17 23:39:00,GOOGL,SELL,100,122.32,T001
2024-01-17 23:39:00,AAPL,BUY,300,152.2,T001
2024-01-17 23:41:00,MSFT,SELL,50,305.56,T010
2024-01-17 23:43:00,JPM,BUY,10,147.09,T008
2024-01-17 23:43:00,JPM,SELL,25,146.35,T005
2024-01-17 23:44:00,NVDA,SELL,25,396.57,T011
2024-01-17 23:46:00,MSFT,SELL,300,301.77,T006
2024-01-17 23:46:00,NVDA,SELL,75,393.39,T010
2024-01-17 23:47:00,AAPL,BUY,100,148.56,T001
2024-01-17 23:50:00,MSFT,SELL,25,301.88,T015
2024-01-17 23:51:00,JPM,SELL,50,142.92,T012
2024-01-17 23:51:00,AMZN,BUY,10,141.18,T010
2024-01-17 23:51:00,AMZN,BUY,100,138.68,T001
2024-01-17 23:53:00,AAPL,BUY,10,151.1,T008
2024-01-17 23:54:00,GS,SELL,75,350.5,T013
2024-01-17 23:55:00,MSFT,BUY,200,296.14,T001
2024-01-17 23:56:00,GOOGL,BUY,300,118.41,T010
2024-01-17 23:58:00,GOOGL,BUY,250,119.51,T004
2024-01-17 23:58:00,META,SELL,50,249.83,T006
2024-01-17 23:58:00,GS,SELL,100,345.8,T001
2024-01-17 23:58:00,JPM,BUY,10,144.34,
2024-01-17 23:59:00,MSFT,SELL,25,299.43,T009
2024-01-17 23:59:00,MSFT,SELL,75,305.06,T012
2024-01-18 00:00:00,AAPL,BUY,150,150.46,T011
2024-01-18 00:02:00,JPM,BUY,75,144.86,T001
2024-01-18 00:04:00,GOOGL,SELL,100,120.68,T001
2024-01-18 00:06:00,JPM,BUY,75,147.27,T001
2024-01-18 00:07:00,AAPL,SELL,100,151.83,T002
2024-01-18 00:07:00,AAPL,SELL,100,147.01,T015
2024-01-18 00:08:00,AAPL,SELL,300,148.78,
2024-01-18 00:10:00,AAPL,SELL,300,149.39,T007
2024-01-18 00:10:00,MSFT,BUY,10,305.99,T006
2024-01-18 00:10:00,GS,BUY,50,350.77,T009
2024-01-18 00:12:00,AAPL,SELL,200,148.59,T006
2024-01-18 00:12:00,AAPL,SELL,50,152.55,T009
2024-01-18 00:12:00,MSFT,BUY,150,300.27,T008
2024-01-18 00:13:00,GOOGL,SELL,200,119.47,T008
2024-01-18 00:13:00,AMZN,BUY,10,137.61,T004
2024-01-18 00:13:00,AMZN,BUY,10,137.61,T004
2024-01-18 00:13:00,GOOGL,SELL,200,119.47,T008
2024-01-18 00:15:00,META,SELL,50,249.01,T001
2024-01-18 00:15:00,GOOGL,BUY,50,119.61,T001
2024-01-18 00:18:00,META,SELL,50,248.84,T010
2024-01-18 00:18:00,MSFT,SELL,25,295.01,T014
2024-01-18 00:19:00,META,BUY,25,246.12,T003
2024-01-18 00:20:00,MSFT,BUY,150,300.46,T007
2024-01-18 00:20:00,GOOGL,BUY,250,122.04,T012
2024-01-18 00:21:00,AAPL,BUY,250,150.38,T011
2024-01-18 00:21:00,AAPL,SELL,150,150.12,
2024-01-18 00:22:00,MSFT,SELL,300,299.77,T001
2024-01-18 00:23:00,MSFT,SELL,50,305.35,T001
2024-01-18 00:25:00,AAPL,BUY,75,152.04,T001
2024-01-18 00:26:00,MSFT,SELL,50,304.73,T005
2024-01-18 00:26:00,BAC,SELL,75,30.08,T008
2024-01-18 00:26:00,MSFT,BUY,50,304.06,T007
2024-01-18 00:27:00,GOOGL,BUY,250,121.76,T001
2024-01-18 00:28:00,GS,BUY,25,356.31,T012
2024-01-18 00:30:00,META,BUY,25,247.75,T001
2024-01-18 00:31:00,AAPL,BUY,300,148.59,T010
2024-01-18 00:32:00,MSFT,SELL,150,298.29,T008
2024-01-18 00:33:00,META,SELL,100,254.79,T014
2024-01-18 00:34:00,AAPL,BUY,100,148.03,T001
2024-01-18 00:35:00,MSFT,BUY,50,297.86,T004
2024-01-18 00:35:00,AMZN,SELL,25,142.51,T011
2024-01-18 00:36:00,MSFT,BUY,100,303.03,T010
2024-01-18 00:39:00,GOOGL,SELL,200,121.98,T014
2024-01-18 00:41:00,MSFT,SELL,50,296.83,T014
2024-01-18 00:42:00,GS,SELL,75,351.65,
2024-01-18 00:47:00,JPM,SELL,25,143.23,T001
2024-01-18 00:51:00,AAPL,BUY,75,147.49,T001
2024-01-18 00:52:00,AAPL,SELL,200,149.56,T001
2024-01-18 00:52:00,AMZN,BUY,25,138.68,T001
2024-01-18 00:52:00,GS,SELL,100,355.41,T004
2024-01-18 00:55:00,MSFT,BUY,200,302.55,T015
2024-01-18 00:55:00,AAPL,BUY,200,147.06,T001
2024-01-18 00:55:00,AAPL,BUY,200,147.06,T001
2024-01-18 00:56:00,AAPL,SELL,250,148.8,T004
2024-01-18 00:56:00,MSFT,BUY,250,295.32,T005
2024-01-18 01:00:00,MSFT,BUY,100,294.94,T014
2024-01-18 01:03:00,NVDA,SELL,100,403.26,T002
2024-01-18 01:05:00,GOOGL,BUY,150,122.32,T004
2024-01-18 01:06:00,BAC,BUY,75,29.6,T009
2024-01-18 01:09:00,GS,SELL,50,344.87,T001
2024-01-18 01:09:00,JPM,SELL,75,145.98,T007
2024-01-18 01:12:00,MSFT,BUY,100,296.47,T001
2024-01-18 01:17:00,NVDA,BUY,100,397.33,T001
2024-01-18 01:17:00,NVDA,BUY,100,397.33,T001
2024-01-18 01:17:00,MSFT,BUY,250,304.71,
2024-01-18 01:20:00,GS,BUY,50,355.78,T001
2024-01-18 01:20:00,GS,BUY,50,355.78,T001
2024-01-18 01:20:00,MSFT,SELL,250,296.42,T002
2024-01-18 01:24:00,GOOGL,SELL,100,118.36,T015
2024-01-18 01:25:00,AAPL,SELL,25,149.96,
2024-01-18 01:25:00,TSLA,BUY,10,182.07,T002
2024-01-18 01:26:00,GOOGL,SELL,250,118.46,T009
2024-01-18 01:28:00,GS,SELL,100,345.27,T001
2024-01-18 01:29:00,MSFT,BUY,50,305.45,T007
2024-01-18 01:29:00,AMZN,SELL,10,139.94,T001
2024-01-18 01:29:00,JPM,BUY,50,142.97,T001
2024-01-18 01:29:00,AAPL,SELL,300,147.57,T008
2024-01-18 01:30:00,GS,BUY,100,351.78,T011
